3be03c103e203ba0,3be03c103e203ba0,3be03c103e203ba0,38c039603e203ba0
3a803cf03c504018,3a803cf03c504018,3a803cf03c504018,38403ba03c504018
3ba03c903c903d60,3ba03c903c903d60,3ba03c903c903d60,34ff35803a003d60
3da03bc03c003f90,3da03bc03c003f90,3da03bc03c003f90,3da03bc03c003f90
3cc03da03cf03e80,3cc03da03cf03e80,3cc03da03cf03e80,3b003ce03cf03e80
3aa03e203e103f90,3aa03e203e103f90,3aa03e203e103f90,39a03da03e103f90
3b203c503de03c20,3b203c503de03c20,3b203c503de03c20,3aa03c103d403c20
3dc03c403f303df0,3dc03c403f303df0,3dc03c403f303df0,3cc03c003f303d50
38803c803ba039a0,38803c803ba039a0,38803c803ba039a0,38803c803ba039a0
3aa03da038803c70,3aa03da038803c70,3aa03da038803c70,3aa03c2038803c70
39a03c503c0039a0,39a03c503c0039a0,39a03c503c0039a0,39a03c50398039a0
3ce03d603a203940,3ce03d603a203940,3ce03d603a203940,3ac060053920357f
3c403c203b803780,3c403c203b803780,3c403c203b803780,3a033d0258055407
3cd03c2037003a80,3cd03c2037003a80,3cd03c2037003a80,3d043d035a025c02
3a803aa038203b40,3a803aa038203b40,3a803aa038203b40,3a0438035a015806
3be03cc037003ca0,3be03cc037003ca0,3be03cc037003ca0,3c0360045a035d02
3e403a803cf03c50,3e403a803cf03c50,3e403a803cf03c50,378036403ea03d20
3c403f303c303cd0,3c403f303c303cd0,3c403f303c303cd0,38403cd03f104058
3ca03c6038803820,3ca03c6038803820,3ca03c6038803820,3440347f3c103c00
3d803d003aa03880,3d803d003aa03880,3d803d003aa03880,31fe33fe3e103e90
3c103d603a803c30,3c103d603a803c30,3c103d603a803c30,3a403de03b3f3dd0
3b803fc03b803ef0,3b803fc03b803ef0,3b803fc03b803ef0,3c4041a03d804058
39203c603c003c00,39203c603c003c00,39203c603c003c00,3cf03cd03b403ee0
3e003d703ce03a40,3e003d703ce03a40,3e003d703ce03a40,3a8041d33e5f3b80
3e3039e03ae039e0,3e3039e03ae039e0,3e3039e03ae039e0,370035fe3e423bc2
3d803f0039c03ae0,3d803f0039c03ae0,3d803f0039c03ae0,3c003c103db23e42
3b803b8039c03ba0,3b803b8039c03ba0,3b803b8039c03ba0,38c038803ba23ea2
3dd03c303ae03a00,3dd03c303ae03a00,3dd03c303ae03a00,3be038603f333ec3
3c303ae03e503c80,3c303ae03e503c80,3c303ae03e503c80,3c1039e040a83d80
3b203e603c803f20,3b203e603c803f20,3b203e603c803f20,3aa03dc03f804110
3be03c903cf03980,3be03c903cf03980,3be03c903cf03980,377f3c503c603dc0
3c403bc03d803c10,3c403bc03d803c10,3c403bc03d803c10,3c2037bf40c03e80
