3563c04fc54c43a0,3562c04fc54c43a0,3564c04fc54c43a0,3562c04ec54c43a0
c42fc139af4d44ec,c42fc139af5444ec,c42fc138af4c44ec,c42fc139af5444ec
bcc43c6b3f16421e,bcc53c6a3f17421e,bcc43c6b3f17421e,bcc43c6a3f15421e
c53bc4ab3716c387,c53bc4ac371ac386,c53cc4ac3716c386,c53bc4ab3716c386
38a2315fbd3144bb,38a23167bd3144bb,38a23160bd3144bb,38a23165bd3044bc
c080bb0338733c69,c080bb0338713c69,c080bb0338733c69,c080bb0238733c69
2c7732e2c39ec4da,2c7e32e0c39ec4dc,2c7732e2c39ec4db,2c8832e0c39ec4db
c1023373b8dc3ad9,c1033374b8d83ad9,c1023374b8dc3ad9,c1023378b8de3ad7
4546c6ae32f4b9c5,4545c6ae32f5b9c5,4545c6ae32f3b9c5,4545c6ae32f3b9c5
3e464006bc5b354d,3e454005bc5b354c,3e464006bc5b354c,3e454005bc5c354c
47913e45b664c35a,47923e45b664c35b,47913e45b664c35a,47913e45b664c35a
c3b03cf03a61bdd7,c3b03cef3a62bdd6,c3b03cf03a61bdd7,c3af3cf03a62bdd7
3e2740c6c31ac077,3e2540c6c31ac077,3e2740c6c31ac077,3e2740c6c31ac078
3f1340f1bcf5c086,3f1440f1bcf6c084,3f1340f1bcf5c086,3f1440f1bcf6c086
372e3ac53c323ce3,37303ac63c323ce2,372c3ac53c323ce3,37303ac53c323ce1
c50cc2f03760c099,c50cc2f03766c09a,c50cc2f03760c099,c50cc2f03763c09a
c038bf61c056bbf8,c038bf61c056bbf8,c038bf61c056bbf8,c038bf61c056bbfa
a94c412b3a063c86,a948412a3a053c86,a94c412b3a063c86,a94c412b3a063c85
c19e35fcbcce40dd,c19e35fcbcd040dd,c19e35fcbcce40dc,c19e35fcbcce40dc
424a395a30e53ef7,424a396030df3ef6,424a395c30e53ef7,424b395c30ea3ef6
bba1432e38a2bcc4,bba0432e38a0bcc4,bba1432e38a2bcc4,bba2432e38a2bcc4
b821c1aebbd93eca,b81ec1afbbda3ec6,b820c1aebbd93eca,b81cc1aebbda3ec9
38fd41633ec744a8,390041623ec844a8,38fd41633ec844a8,38fe41633ec844a8
c12d419d38d33f86,c12c419c38d63f86,c12c419d38d33f85,c12c419d38d63f85
3f27beabc48840d7,3f26beabc48940d5,3f27beabc48940d7,3f27beaac48840d5
3d8242ac3a674649,3d8242ac3a67464a,3d8242ac3a674648,3d8242ac3a67464a
4393baf9c097c400,4393baf6c098c400,4393baf9c097c400,4393baf7c096c400
c1bf39e744c03c66,c1bf39e744c13c68,c1be39e744c03c66,c1be39e544c13c66
3d313cfa2c124617,3d303cfa2c0c4617,3d313cfa2c124617,3d323cfa2c0e4618
bf27c467b61dbc77,bf26c466b61ebc78,bf26c466b61dbc77,bf26c466b61cbc76
c249b964c0e1beba,c249b968c0e1beba,c249b964c0e0beba,c249b966c0e0beba
bebbc103be5444d6,bebbc103be5244d6,bebac102be5444d6,bebac103be5244d6
